{"cameraMode":{"drawMode":0,"name":"Shaded","section":"Shading Mode"},"sceneLighting":true,"audioPlay":false,"sceneViewState":{"showFog":true,"showMaterialUpdate":false,"showSkybox":true,"showFlares":true,"showImageEffects":true,"showParticleSystems":true},"in2DMode":false,"pivot":{"x":-5.367595672607422,"y":2.685300827026367,"z":3.070584774017334},"rotation":{"x":-0.06511304527521134,"y":0.9045757055282593,"z":-0.14951683580875398,"w":-0.39390772581100466},"size":8.429415702819825,"orthographic":false}