{"cameraMode":{"drawMode":0,"name":"Shaded","section":"Shading Mode"},"sceneLighting":false,"audioPlay":false,"sceneViewState":{"showFog":true,"showMaterialUpdate":false,"showSkybox":false,"showFlares":true,"showImageEffects":true,"showParticleSystems":true},"in2DMode":false,"pivot":{"x":-1.9079886674880982,"y":0.4978107810020447,"z":0.36392319202423098},"rotation":{"x":-0.19257892668247224,"y":0.7770984172821045,"z":-0.2834954559803009,"w":-0.527884304523468},"size":0.8363268971443176,"orthographic":false}